Circuit breaker Open/Close Status, Disconnector Open/Close Status, Earth switch Open/Close Status, Protection system healthy (Trip circuit healthy), Control level - Local or remote, Protection tripped, Circuit breaker mechanical failure, Auxiliary power failure, Intertrip command send, Intertrip command receive, Current Line 'L1', Current Line 'L2', Current Line 'L3', Voltage Phase 'L1-N', Voltage Phase 'L2-N', Voltage Phase 'L3-N', Active Power, Reactive power, Frequency, Power Factor
1,1,0,1,FALSE,FALSE,1,FALSE,FALSE,FALSE,311,307,305,38116,38111,38116,29999195,18498602,49.98,0.87
1,1,0,1,FALSE,FALSE,1,FALSE,FALSE,FALSE,310,310,313,38115,38091,38090,29999986,18501213,50.02,0.83
1,1,0,1,FALSE,FALSE,1,FALSE,FALSE,FALSE,308,309,308,38117,38108,38098,29998487,18500304,50.02,0.84
1,1,0,1,FALSE,FALSE,1,FALSE,FALSE,FALSE,309,306,315,38104,38104,38106,30001334,18500129,49.97,0.83
1,1,0,1,FALSE,FALSE,1,FALSE,FALSE,FALSE,313,315,310,38111,38097,38094,30000862,18501840,50.04,0.87
1,1,0,1,FALSE,FALSE,1,FALSE,FALSE,FALSE,315,311,314,38098,38099,38096,30000355,18499365,49.96,0.86
1,1,0,1,FALSE,FALSE,1,FALSE,FALSE,FALSE,309,314,315,38107,38108,38091,29999408,18498907,50.04,0.87
1,1,0,1,FALSE,FALSE,1,FALSE,FALSE,FALSE,315,310,307,38111,38110,38102,30000487,18499053,50.04,0.85
1,1,0,1,FALSE,FALSE,1,FALSE,FALSE,FALSE,312,311,309,38098,38107,38094,29999160,18500435,50.05,0.87
1,1,0,1,FALSE,FALSE,1,FALSE,FALSE,FALSE,310,312,308,38082,38097,38089,30000160,18501365,50.02,0.86
1,1,0,1,FALSE,FALSE,1,FALSE,FALSE,FALSE,0,0,0,0,0,0,0,0,0,0
0,1,0,1,FALSE,TRUE,1,FALSE,TRUE,FALSE,0,0,0,0,0,0,0,0,0,0
0,1,0,1,FALSE,TRUE,1,FALSE,TRUE,FALSE,0,0,0,0,0,0,0,0,0,0
0,1,0,1,FALSE,TRUE,1,FALSE,TRUE,FALSE,0,0,0,0,0,0,0,0,0,0
0,1,0,1,FALSE,TRUE,1,FALSE,TRUE,FALSE,0,0,0,0,0,0,0,0,0,0
0,1,0,1,FALSE,TRUE,1,FALSE,TRUE,FALSE,0,0,0,0,0,0,0,0,0,0
0,1,0,1,FALSE,TRUE,1,FALSE,TRUE,FALSE,0,0,0,0,0,0,0,0,0,0
0,1,0,1,FALSE,TRUE,1,FALSE,TRUE,FALSE,0,0,0,0,0,0,0,0,0,0
0,1,0,1,FALSE,TRUE,1,FALSE,TRUE,FALSE,0,0,0,0,0,0,0,0,0,0
0,1,0,1,FALSE,TRUE,1,FALSE,TRUE,FALSE,0,0,0,0,0,0,0,0,0,0
0,1,0,1,FALSE,TRUE,1,FALSE,TRUE,FALSE,0,0,0,0,0,0,0,0,0,0
0,1,0,1,FALSE,TRUE,1,FALSE,TRUE,FALSE,0,0,0,0,0,0,0,0,0,0
0,1,0,1,FALSE,TRUE,1,FALSE,TRUE,FALSE,0,0,0,0,0,0,0,0,0,0
0,1,0,1,FALSE,TRUE,1,FALSE,TRUE,FALSE,0,0,0,0,0,0,0,0,0,0
0,1,0,1,FALSE,TRUE,1,FALSE,TRUE,FALSE,0,0,0,0,0,0,0,0,0,0
0,1,0,1,FALSE,TRUE,1,FALSE,TRUE,FALSE,0,0,0,0,0,0,0,0,0,0
0,1,0,1,FALSE,TRUE,1,FALSE,TRUE,FALSE,0,0,0,0,0,0,0,0,0,0
0,1,0,1,FALSE,TRUE,1,FALSE,TRUE,FALSE,0,0,0,0,0,0,0,0,0,0
0,1,0,1,FALSE,TRUE,1,FALSE,TRUE,FALSE,0,0,0,0,0,0,0,0,0,0
0,1,0,1,FALSE,TRUE,1,FALSE,TRUE,FALSE,0,0,0,0,0,0,0,0,0,0
0,1,0,1,FALSE,TRUE,1,FALSE,TRUE,FALSE,0,0,0,0,0,0,0,0,0,0
0,1,0,1,FALSE,TRUE,1,FALSE,TRUE,FALSE,0,0,0,0,0,0,0,0,0,0
0,1,0,1,FALSE,TRUE,1,FALSE,TRUE,FALSE,0,0,0,0,0,0,0,0,0,0
0,1,0,1,FALSE,TRUE,1,FALSE,TRUE,FALSE,0,0,0,0,0,0,0,0,0,0
0,1,0,1,FALSE,TRUE,1,FALSE,TRUE,FALSE,0,0,0,0,0,0,0,0,0,0
0,1,0,1,FALSE,TRUE,1,FALSE,TRUE,FALSE,0,0,0,0,0,0,0,0,0,0
0,1,0,1,FALSE,TRUE,1,FALSE,TRUE,FALSE,0,0,0,0,0,0,0,0,0,0
0,1,0,1,FALSE,TRUE,1,FALSE,TRUE,FALSE,0,0,0,0,0,0,0,0,0,0
0,1,0,1,FALSE,TRUE,1,FALSE,TRUE,FALSE,0,0,0,0,0,0,0,0,0,0
0,1,0,1,FALSE,TRUE,1,FALSE,TRUE,FALSE,0,0,0,0,0,0,0,0,0,0
0,1,0,1,FALSE,TRUE,1,FALSE,TRUE,FALSE,0,0,0,0,0,0,0,0,0,0
0,1,0,1,FALSE,TRUE,1,FALSE,TRUE,FALSE,0,0,0,0,0,0,0,0,0,0
0,1,0,1,FALSE,TRUE,1,FALSE,TRUE,FALSE,0,0,0,0,0,0,0,0,0,0
0,1,0,1,FALSE,TRUE,1,FALSE,TRUE,FALSE,0,0,0,0,0,0,0,0,0,0
0,1,0,1,FALSE,TRUE,1,FALSE,TRUE,FALSE,0,0,0,0,0,0,0,0,0,0
0,1,0,1,FALSE,TRUE,1,FALSE,TRUE,FALSE,0,0,0,0,0,0,0,0,0,0
0,1,0,1,FALSE,TRUE,1,FALSE,TRUE,FALSE,0,0,0,0,0,0,0,0,0,0
0,1,0,1,FALSE,TRUE,1,FALSE,TRUE,FALSE,0,0,0,0,0,0,0,0,0,0
0,1,0,1,FALSE,TRUE,1,FALSE,TRUE,FALSE,0,0,0,0,0,0,0,0,0,0
0,1,0,1,FALSE,TRUE,1,FALSE,TRUE,FALSE,0,0,0,0,0,0,0,0,0,0
0,1,0,1,FALSE,TRUE,1,FALSE,TRUE,FALSE,0,0,0,0,0,0,0,0,0,0
0,1,0,1,FALSE,TRUE,1,FALSE,TRUE,FALSE,0,0,0,0,0,0,0,0,0,0
0,1,0,1,FALSE,TRUE,1,FALSE,TRUE,FALSE,0,0,0,0,0,0,0,0,0,0
0,1,0,1,FALSE,TRUE,1,FALSE,TRUE,FALSE,0,0,0,0,0,0,0,0,0,0
0,1,0,1,FALSE,TRUE,1,FALSE,TRUE,FALSE,0,0,0,0,0,0,0,0,0,0
0,1,0,1,FALSE,TRUE,1,FALSE,TRUE,FALSE,0,0,0,0,0,0,0,0,0,0
0,1,0,1,FALSE,TRUE,1,FALSE,TRUE,FALSE,0,0,0,0,0,0,0,0,0,0
0,1,0,1,FALSE,TRUE,1,FALSE,TRUE,FALSE,0,0,0,0,0,0,0,0,0,0
0,1,0,1,FALSE,TRUE,1,FALSE,TRUE,FALSE,0,0,0,0,0,0,0,0,0,0
0,1,0,1,FALSE,TRUE,1,FALSE,TRUE,FALSE,0,0,0,0,0,0,0,0,0,0
0,1,0,1,FALSE,TRUE,1,FALSE,TRUE,FALSE,0,0,0,0,0,0,0,0,0,0
0,1,0,1,FALSE,TRUE,1,FALSE,TRUE,FALSE,0,0,0,0,0,0,0,0,0,0
0,1,0,1,FALSE,TRUE,1,FALSE,TRUE,FALSE,0,0,0,0,0,0,0,0,0,0
0,1,0,1,FALSE,TRUE,1,FALSE,TRUE,FALSE,0,0,0,0,0,0,0,0,0,0
0,1,0,1,FALSE,TRUE,1,FALSE,TRUE,FALSE,0,0,0,0,0,0,0,0,0,0
0,1,0,1,FALSE,TRUE,1,FALSE,TRUE,FALSE,0,0,0,0,0,0,0,0,0,0
0,1,0,1,FALSE,TRUE,1,FALSE,TRUE,FALSE,0,0,0,0,0,0,0,0,0,0
0,1,0,1,FALSE,TRUE,1,FALSE,TRUE,FALSE,0,0,0,0,0,0,0,0,0,0
0,1,0,1,FALSE,TRUE,1,FALSE,TRUE,FALSE,0,0,0,0,0,0,0,0,0,0
0,1,0,1,FALSE,TRUE,1,FALSE,TRUE,FALSE,0,0,0,0,0,0,0,0,0,0
0,1,0,1,FALSE,TRUE,1,FALSE,TRUE,FALSE,0,0,0,0,0,0,0,0,0,0
0,1,0,1,FALSE,TRUE,1,FALSE,TRUE,FALSE,0,0,0,0,0,0,0,0,0,0
0,1,0,1,FALSE,TRUE,1,FALSE,TRUE,FALSE,0,0,0,0,0,0,0,0,0,0
0,1,0,1,FALSE,TRUE,1,FALSE,TRUE,FALSE,0,0,0,0,0,0,0,0,0,0
0,1,0,1,FALSE,TRUE,1,FALSE,TRUE,FALSE,0,0,0,0,0,0,0,0,0,0
0,1,0,1,FALSE,TRUE,1,FALSE,TRUE,FALSE,0,0,0,0,0,0,0,0,0,0
0,1,0,1,FALSE,TRUE,1,FALSE,TRUE,FALSE,0,0,0,0,0,0,0,0,0,0
0,1,0,1,FALSE,TRUE,1,FALSE,TRUE,FALSE,0,0,0,0,0,0,0,0,0,0
0,1,0,1,FALSE,TRUE,1,FALSE,TRUE,FALSE,0,0,0,0,0,0,0,0,0,0
0,1,0,1,FALSE,TRUE,1,FALSE,TRUE,FALSE,0,0,0,0,0,0,0,0,0,0
0,1,0,1,FALSE,TRUE,1,FALSE,TRUE,FALSE,0,0,0,0,0,0,0,0,0,0
0,1,0,1,FALSE,TRUE,1,FALSE,TRUE,FALSE,0,0,0,0,0,0,0,0,0,0
0,1,0,1,FALSE,TRUE,1,FALSE,TRUE,FALSE,0,0,0,0,0,0,0,0,0,0
0,1,0,1,FALSE,TRUE,1,FALSE,TRUE,FALSE,0,0,0,0,0,0,0,0,0,0
0,1,0,1,FALSE,TRUE,1,FALSE,TRUE,FALSE,0,0,0,0,0,0,0,0,0,0
0,1,0,1,FALSE,TRUE,1,FALSE,TRUE,FALSE,0,0,0,0,0,0,0,0,0,0
0,1,0,1,FALSE,TRUE,1,FALSE,TRUE,FALSE,0,0,0,0,0,0,0,0,0,0
0,1,0,1,FALSE,TRUE,1,FALSE,TRUE,FALSE,0,0,0,0,0,0,0,0,0,0
0,1,0,1,FALSE,TRUE,1,FALSE,TRUE,FALSE,0,0,0,0,0,0,0,0,0,0
0,1,0,1,FALSE,TRUE,1,FALSE,TRUE,FALSE,0,0,0,0,0,0,0,0,0,0
0,1,0,1,FALSE,TRUE,1,FALSE,TRUE,FALSE,0,0,0,0,0,0,0,0,0,0
0,1,0,1,FALSE,TRUE,1,FALSE,TRUE,FALSE,0,0,0,0,0,0,0,0,0,0
0,1,0,1,FALSE,TRUE,1,FALSE,TRUE,FALSE,0,0,0,0,0,0,0,0,0,0
0,1,0,1,FALSE,TRUE,1,FALSE,TRUE,FALSE,0,0,0,0,0,0,0,0,0,0
0,1,0,1,FALSE,TRUE,1,FALSE,TRUE,FALSE,0,0,0,0,0,0,0,0,0,0
0,1,0,1,FALSE,TRUE,1,FALSE,TRUE,FALSE,0,0,0,0,0,0,0,0,0,0
0,1,0,1,FALSE,TRUE,1,FALSE,TRUE,FALSE,0,0,0,0,0,0,0,0,0,0
0,1,0,1,FALSE,TRUE,1,FALSE,TRUE,FALSE,0,0,0,0,0,0,0,0,0,0
0,1,0,1,FALSE,TRUE,1,FALSE,TRUE,FALSE,0,0,0,0,0,0,0,0,0,0
0,1,0,1,FALSE,TRUE,1,FALSE,TRUE,FALSE,0,0,0,0,0,0,0,0,0,0
0,1,0,1,FALSE,TRUE,1,FALSE,TRUE,FALSE,0,0,0,0,0,0,0,0,0,0
0,1,0,1,FALSE,TRUE,1,FALSE,TRUE,FALSE,0,0,0,0,0,0,0,0,0,0
0,1,0,1,FALSE,TRUE,1,FALSE,TRUE,FALSE,0,0,0,0,0,0,0,0,0,0
0,1,0,1,FALSE,TRUE,1,FALSE,TRUE,FALSE,0,0,0,0,0,0,0,0,0,0
0,1,0,1,FALSE,TRUE,1,FALSE,TRUE,FALSE,0,0,0,0,0,0,0,0,0,0
0,1,0,1,FALSE,TRUE,1,FALSE,TRUE,FALSE,0,0,0,0,0,0,0,0,0,0
0,1,0,1,FALSE,TRUE,1,FALSE,TRUE,FALSE,0,0,0,0,0,0,0,0,0,0
0,1,0,1,FALSE,TRUE,1,FALSE,TRUE,FALSE,0,0,0,0,0,0,0,0,0,0
0,1,0,1,FALSE,TRUE,1,FALSE,TRUE,FALSE,0,0,0,0,0,0,0,0,0,0
0,1,0,1,FALSE,TRUE,1,FALSE,TRUE,FALSE,0,0,0,0,0,0,0,0,0,0
0,1,0,1,FALSE,TRUE,1,FALSE,TRUE,FALSE,0,0,0,0,0,0,0,0,0,0
0,1,0,1,FALSE,TRUE,1,FALSE,TRUE,FALSE,0,0,0,0,0,0,0,0,0,0
0,1,0,1,FALSE,TRUE,1,FALSE,TRUE,FALSE,0,0,0,0,0,0,0,0,0,0
0,1,0,1,FALSE,TRUE,1,FALSE,TRUE,FALSE,0,0,0,0,0,0,0,0,0,0
0,1,0,1,FALSE,TRUE,1,FALSE,TRUE,FALSE,0,0,0,0,0,0,0,0,0,0
0,1,0,1,FALSE,TRUE,1,FALSE,TRUE,FALSE,0,0,0,0,0,0,0,0,0,0
0,1,0,1,FALSE,TRUE,1,FALSE,TRUE,FALSE,0,0,0,0,0,0,0,0,0,0
0,1,0,1,FALSE,TRUE,1,FALSE,TRUE,FALSE,0,0,0,0,0,0,0,0,0,0
0,1,0,1,FALSE,TRUE,1,FALSE,TRUE,FALSE,0,0,0,0,0,0,0,0,0,0
0,1,0,1,FALSE,TRUE,1,FALSE,TRUE,FALSE,0,0,0,0,0,0,0,0,0,0
0,1,0,1,FALSE,TRUE,1,FALSE,TRUE,FALSE,0,0,0,0,0,0,0,0,0,0
0,1,0,1,FALSE,TRUE,1,FALSE,TRUE,FALSE,0,0,0,0,0,0,0,0,0,0
0,1,0,1,FALSE,TRUE,1,FALSE,TRUE,FALSE,0,0,0,0,0,0,0,0,0,0
0,1,0,1,FALSE,TRUE,1,FALSE,TRUE,FALSE,0,0,0,0,0,0,0,0,0,0
0,1,0,1,FALSE,TRUE,1,FALSE,TRUE,FALSE,0,0,0,0,0,0,0,0,0,0
0,1,0,1,FALSE,TRUE,1,FALSE,TRUE,FALSE,0,0,0,0,0,0,0,0,0,0
0,1,0,1,FALSE,TRUE,1,FALSE,TRUE,FALSE,0,0,0,0,0,0,0,0,0,0
0,1,0,1,FALSE,TRUE,1,FALSE,TRUE,FALSE,0,0,0,0,0,0,0,0,0,0
0,1,0,1,FALSE,TRUE,1,FALSE,TRUE,FALSE,0,0,0,0,0,0,0,0,0,0
0,1,0,1,FALSE,TRUE,1,FALSE,TRUE,FALSE,0,0,0,0,0,0,0,0,0,0
0,1,0,1,FALSE,TRUE,1,FALSE,TRUE,FALSE,0,0,0,0,0,0,0,0,0,0
0,1,0,1,FALSE,TRUE,1,FALSE,TRUE,FALSE,0,0,0,0,0,0,0,0,0,0
0,1,0,1,FALSE,TRUE,1,FALSE,TRUE,FALSE,0,0,0,0,0,0,0,0,0,0
0,1,0,1,FALSE,TRUE,1,FALSE,TRUE,FALSE,0,0,0,0,0,0,0,0,0,0
0,1,0,1,FALSE,TRUE,1,FALSE,TRUE,FALSE,0,0,0,0,0,0,0,0,0,0
0,1,0,1,FALSE,TRUE,1,FALSE,TRUE,FALSE,0,0,0,0,0,0,0,0,0,0
0,1,0,1,FALSE,TRUE,1,FALSE,TRUE,FALSE,0,0,0,0,0,0,0,0,0,0
0,1,0,1,FALSE,TRUE,1,FALSE,TRUE,FALSE,0,0,0,0,0,0,0,0,0,0
0,1,0,1,FALSE,TRUE,1,FALSE,TRUE,FALSE,0,0,0,0,0,0,0,0,0,0
0,1,0,1,FALSE,TRUE,1,FALSE,TRUE,FALSE,0,0,0,0,0,0,0,0,0,0
0,1,0,1,FALSE,TRUE,1,FALSE,TRUE,FALSE,0,0,0,0,0,0,0,0,0,0
0,1,0,1,FALSE,TRUE,1,FALSE,TRUE,FALSE,0,0,0,0,0,0,0,0,0,0
0,1,0,1,FALSE,TRUE,1,FALSE,TRUE,FALSE,0,0,0,0,0,0,0,0,0,0
0,1,0,1,FALSE,TRUE,1,FALSE,TRUE,FALSE,0,0,0,0,0,0,0,0,0,0
0,1,0,1,FALSE,TRUE,1,FALSE,TRUE,FALSE,0,0,0,0,0,0,0,0,0,0
0,1,0,1,FALSE,TRUE,1,FALSE,TRUE,FALSE,0,0,0,0,0,0,0,0,0,0
0,1,0,1,FALSE,TRUE,1,FALSE,TRUE,FALSE,0,0,0,0,0,0,0,0,0,0
0,1,0,1,FALSE,TRUE,1,FALSE,TRUE,FALSE,0,0,0,0,0,0,0,0,0,0
0,1,0,1,FALSE,TRUE,1,FALSE,TRUE,FALSE,0,0,0,0,0,0,0,0,0,0
0,1,0,1,FALSE,TRUE,1,FALSE,TRUE,FALSE,0,0,0,0,0,0,0,0,0,0
0,1,0,1,FALSE,TRUE,1,FALSE,TRUE,FALSE,0,0,0,0,0,0,0,0,0,0
0,1,0,1,FALSE,TRUE,1,FALSE,TRUE,FALSE,0,0,0,0,0,0,0,0,0,0
0,1,0,1,FALSE,TRUE,1,FALSE,TRUE,FALSE,0,0,0,0,0,0,0,0,0,0
0,1,0,1,FALSE,TRUE,1,FALSE,TRUE,FALSE,0,0,0,0,0,0,0,0,0,0
0,1,0,1,FALSE,TRUE,1,FALSE,TRUE,FALSE,0,0,0,0,0,0,0,0,0,0
0,1,0,1,FALSE,TRUE,1,FALSE,TRUE,FALSE,0,0,0,0,0,0,0,0,0,0
0,1,0,1,FALSE,TRUE,1,FALSE,TRUE,FALSE,0,0,0,0,0,0,0,0,0,0
0,1,0,1,FALSE,TRUE,1,FALSE,TRUE,FALSE,0,0,0,0,0,0,0,0,0,0
0,1,0,1,FALSE,TRUE,1,FALSE,TRUE,FALSE,0,0,0,0,0,0,0,0,0,0
0,1,0,1,FALSE,TRUE,1,FALSE,TRUE,FALSE,0,0,0,0,0,0,0,0,0,0
0,1,0,1,FALSE,TRUE,1,FALSE,TRUE,FALSE,0,0,0,0,0,0,0,0,0,0
0,1,0,1,FALSE,TRUE,1,FALSE,TRUE,FALSE,0,0,0,0,0,0,0,0,0,0
0,1,0,1,FALSE,TRUE,1,FALSE,TRUE,FALSE,0,0,0,0,0,0,0,0,0,0
0,1,0,1,FALSE,TRUE,1,FALSE,TRUE,FALSE,0,0,0,0,0,0,0,0,0,0
0,1,0,1,FALSE,TRUE,1,FALSE,TRUE,FALSE,0,0,0,0,0,0,0,0,0,0
0,1,0,1,FALSE,TRUE,1,FALSE,TRUE,FALSE,0,0,0,0,0,0,0,0,0,0
0,1,0,1,FALSE,TRUE,1,FALSE,TRUE,FALSE,0,0,0,0,0,0,0,0,0,0
0,1,0,1,FALSE,TRUE,1,FALSE,TRUE,FALSE,0,0,0,0,0,0,0,0,0,0
0,1,0,1,FALSE,TRUE,1,FALSE,TRUE,FALSE,0,0,0,0,0,0,0,0,0,0
0,1,0,1,FALSE,TRUE,1,FALSE,TRUE,FALSE,0,0,0,0,0,0,0,0,0,0
0,1,0,1,FALSE,TRUE,1,FALSE,TRUE,FALSE,0,0,0,0,0,0,0,0,0,0
0,1,0,1,FALSE,TRUE,1,FALSE,TRUE,FALSE,0,0,0,0,0,0,0,0,0,0
0,1,0,1,FALSE,TRUE,1,FALSE,TRUE,FALSE,0,0,0,0,0,0,0,0,0,0
0,1,0,1,FALSE,TRUE,1,FALSE,TRUE,FALSE,0,0,0,0,0,0,0,0,0,0
0,1,0,1,FALSE,TRUE,1,FALSE,TRUE,FALSE,0,0,0,0,0,0,0,0,0,0
0,1,0,1,FALSE,TRUE,1,FALSE,TRUE,FALSE,0,0,0,0,0,0,0,0,0,0
0,1,0,1,FALSE,TRUE,1,FALSE,TRUE,FALSE,0,0,0,0,0,0,0,0,0,0
0,1,0,1,FALSE,TRUE,1,FALSE,TRUE,FALSE,0,0,0,0,0,0,0,0,0,0
0,1,0,1,FALSE,TRUE,1,FALSE,TRUE,FALSE,0,0,0,0,0,0,0,0,0,0
0,1,0,1,FALSE,TRUE,1,FALSE,TRUE,FALSE,0,0,0,0,0,0,0,0,0,0
0,1,0,1,FALSE,TRUE,1,FALSE,TRUE,FALSE,0,0,0,0,0,0,0,0,0,0
0,1,0,1,FALSE,TRUE,1,FALSE,TRUE,FALSE,0,0,0,0,0,0,0,0,0,0
0,1,0,1,FALSE,TRUE,1,FALSE,TRUE,FALSE,0,0,0,0,0,0,0,0,0,0
0,1,0,1,FALSE,TRUE,1,FALSE,TRUE,FALSE,0,0,0,0,0,0,0,0,0,0
0,1,0,1,FALSE,TRUE,1,FALSE,TRUE,FALSE,0,0,0,0,0,0,0,0,0,0
0,1,0,1,FALSE,TRUE,1,FALSE,TRUE,FALSE,0,0,0,0,0,0,0,0,0,0
0,1,0,1,FALSE,TRUE,1,FALSE,TRUE,FALSE,0,0,0,0,0,0,0,0,0,0
0,1,0,1,FALSE,TRUE,1,FALSE,TRUE,FALSE,0,0,0,0,0,0,0,0,0,0
0,1,0,1,FALSE,TRUE,1,FALSE,TRUE,FALSE,0,0,0,0,0,0,0,0,0,0
0,1,0,1,FALSE,TRUE,1,FALSE,TRUE,FALSE,0,0,0,0,0,0,0,0,0,0
0,1,0,1,FALSE,TRUE,1,FALSE,TRUE,FALSE,0,0,0,0,0,0,0,0,0,0
0,1,0,1,FALSE,TRUE,1,FALSE,TRUE,FALSE,0,0,0,0,0,0,0,0,0,0
0,1,0,1,FALSE,TRUE,1,FALSE,TRUE,FALSE,0,0,0,0,0,0,0,0,0,0
0,1,0,1,FALSE,TRUE,1,FALSE,TRUE,FALSE,0,0,0,0,0,0,0,0,0,0
0,1,0,1,FALSE,TRUE,1,FALSE,TRUE,FALSE,0,0,0,0,0,0,0,0,0,0
0,1,0,1,FALSE,TRUE,1,FALSE,TRUE,FALSE,0,0,0,0,0,0,0,0,0,0
0,1,0,1,FALSE,TRUE,1,FALSE,TRUE,FALSE,0,0,0,0,0,0,0,0,0,0
0,1,0,1,FALSE,TRUE,1,FALSE,TRUE,FALSE,0,0,0,0,0,0,0,0,0,0
0,1,0,1,FALSE,TRUE,1,FALSE,TRUE,FALSE,0,0,0,0,0,0,0,0,0,0
0,1,0,1,FALSE,TRUE,1,FALSE,TRUE,FALSE,0,0,0,0,0,0,0,0,0,0
0,1,0,1,FALSE,TRUE,1,FALSE,TRUE,FALSE,0,0,0,0,0,0,0,0,0,0
0,1,0,1,FALSE,TRUE,1,FALSE,TRUE,FALSE,0,0,0,0,0,0,0,0,0,0
0,1,0,1,FALSE,TRUE,1,FALSE,TRUE,FALSE,0,0,0,0,0,0,0,0,0,0
0,1,0,1,FALSE,TRUE,1,FALSE,TRUE,FALSE,0,0,0,0,0,0,0,0,0,0
0,1,0,1,FALSE,TRUE,1,FALSE,TRUE,FALSE,0,0,0,0,0,0,0,0,0,0
0,1,0,1,FALSE,TRUE,1,FALSE,TRUE,FALSE,0,0,0,0,0,0,0,0,0,0
0,1,0,1,FALSE,TRUE,1,FALSE,TRUE,FALSE,0,0,0,0,0,0,0,0,0,0
0,1,0,1,FALSE,TRUE,1,FALSE,TRUE,FALSE,0,0,0,0,0,0,0,0,0,0
0,1,0,1,FALSE,TRUE,1,FALSE,TRUE,FALSE,0,0,0,0,0,0,0,0,0,0
0,1,0,1,FALSE,TRUE,1,FALSE,TRUE,FALSE,0,0,0,0,0,0,0,0,0,0
0,1,0,1,FALSE,TRUE,1,FALSE,TRUE,FALSE,0,0,0,0,0,0,0,0,0,0
0,1,0,1,FALSE,TRUE,1,FALSE,TRUE,FALSE,0,0,0,0,0,0,0,0,0,0
0,1,0,1,FALSE,TRUE,1,FALSE,TRUE,FALSE,0,0,0,0,0,0,0,0,0,0
0,1,0,1,FALSE,TRUE,1,FALSE,TRUE,FALSE,0,0,0,0,0,0,0,0,0,0
0,1,0,1,FALSE,TRUE,1,FALSE,TRUE,FALSE,0,0,0,0,0,0,0,0,0,0
0,1,0,1,FALSE,TRUE,1,FALSE,TRUE,FALSE,0,0,0,0,0,0,0,0,0,0
0,1,0,1,FALSE,TRUE,1,FALSE,TRUE,FALSE,0,0,0,0,0,0,0,0,0,0
0,1,0,1,FALSE,TRUE,1,FALSE,TRUE,FALSE,0,0,0,0,0,0,0,0,0,0
0,1,0,1,FALSE,TRUE,1,FALSE,TRUE,FALSE,0,0,0,0,0,0,0,0,0,0
0,1,0,1,FALSE,TRUE,1,FALSE,TRUE,FALSE,0,0,0,0,0,0,0,0,0,0
0,1,0,1,FALSE,TRUE,1,FALSE,TRUE,FALSE,0,0,0,0,0,0,0,0,0,0
0,1,0,1,FALSE,TRUE,1,FALSE,TRUE,FALSE,0,0,0,0,0,0,0,0,0,0
0,1,0,1,FALSE,TRUE,1,FALSE,TRUE,FALSE,0,0,0,0,0,0,0,0,0,0
0,1,0,1,FALSE,TRUE,1,FALSE,TRUE,FALSE,0,0,0,0,0,0,0,0,0,0
0,1,0,1,FALSE,TRUE,1,FALSE,TRUE,FALSE,0,0,0,0,0,0,0,0,0,0
0,1,0,1,FALSE,TRUE,1,FALSE,TRUE,FALSE,0,0,0,0,0,0,0,0,0,0
0,1,0,1,FALSE,TRUE,1,FALSE,TRUE,FALSE,0,0,0,0,0,0,0,0,0,0
0,1,0,1,FALSE,TRUE,1,FALSE,TRUE,FALSE,0,0,0,0,0,0,0,0,0,0
0,1,0,1,FALSE,TRUE,1,FALSE,TRUE,FALSE,0,0,0,0,0,0,0,0,0,0
0,1,0,1,FALSE,TRUE,1,FALSE,TRUE,FALSE,0,0,0,0,0,0,0,0,0,0
0,1,0,1,FALSE,TRUE,1,FALSE,TRUE,FALSE,0,0,0,0,0,0,0,0,0,0
0,1,0,1,FALSE,TRUE,1,FALSE,TRUE,FALSE,0,0,0,0,0,0,0,0,0,0
0,1,0,1,FALSE,TRUE,1,FALSE,TRUE,FALSE,0,0,0,0,0,0,0,0,0,0
0,1,0,1,FALSE,TRUE,1,FALSE,TRUE,FALSE,0,0,0,0,0,0,0,0,0,0
0,1,0,1,FALSE,TRUE,1,FALSE,TRUE,FALSE,0,0,0,0,0,0,0,0,0,0
0,1,0,1,FALSE,TRUE,1,FALSE,TRUE,FALSE,0,0,0,0,0,0,0,0,0,0
0,1,0,1,FALSE,TRUE,1,FALSE,TRUE,FALSE,0,0,0,0,0,0,0,0,0,0
0,1,0,1,FALSE,TRUE,1,FALSE,TRUE,FALSE,0,0,0,0,0,0,0,0,0,0
0,1,0,1,FALSE,TRUE,1,FALSE,TRUE,FALSE,0,0,0,0,0,0,0,0,0,0
0,1,0,1,FALSE,TRUE,1,FALSE,TRUE,FALSE,0,0,0,0,0,0,0,0,0,0
0,1,0,1,FALSE,TRUE,1,FALSE,TRUE,FALSE,0,0,0,0,0,0,0,0,0,0
0,1,0,1,FALSE,TRUE,1,FALSE,TRUE,FALSE,0,0,0,0,0,0,0,0,0,0
0,1,0,1,FALSE,TRUE,1,FALSE,TRUE,FALSE,0,0,0,0,0,0,0,0,0,0
0,1,0,1,FALSE,TRUE,1,FALSE,TRUE,FALSE,0,0,0,0,0,0,0,0,0,0
0,1,0,1,FALSE,TRUE,1,FALSE,TRUE,FALSE,0,0,0,0,0,0,0,0,0,0
0,1,0,1,FALSE,TRUE,1,FALSE,TRUE,FALSE,0,0,0,0,0,0,0,0,0,0
0,1,0,1,FALSE,TRUE,1,FALSE,TRUE,FALSE,0,0,0,0,0,0,0,0,0,0
0,1,0,1,FALSE,TRUE,1,FALSE,TRUE,FALSE,0,0,0,0,0,0,0,0,0,0
0,1,0,1,FALSE,TRUE,1,FALSE,TRUE,FALSE,0,0,0,0,0,0,0,0,0,0
0,1,0,1,FALSE,TRUE,1,FALSE,TRUE,FALSE,0,0,0,0,0,0,0,0,0,0
0,1,0,1,FALSE,TRUE,1,FALSE,TRUE,FALSE,0,0,0,0,0,0,0,0,0,0
0,1,0,1,FALSE,TRUE,1,FALSE,TRUE,FALSE,0,0,0,0,0,0,0,0,0,0
0,1,0,1,FALSE,TRUE,1,FALSE,TRUE,FALSE,0,0,0,0,0,0,0,0,0,0
0,1,0,1,FALSE,TRUE,1,FALSE,TRUE,FALSE,0,0,0,0,0,0,0,0,0,0
0,1,0,1,FALSE,TRUE,1,FALSE,TRUE,FALSE,0,0,0,0,0,0,0,0,0,0
0,1,0,1,FALSE,TRUE,1,FALSE,TRUE,FALSE,0,0,0,0,0,0,0,0,0,0
0,1,0,1,FALSE,TRUE,1,FALSE,TRUE,FALSE,0,0,0,0,0,0,0,0,0,0
0,1,0,1,FALSE,TRUE,1,FALSE,TRUE,FALSE,0,0,0,0,0,0,0,0,0,0
0,1,0,1,FALSE,TRUE,1,FALSE,TRUE,FALSE,0,0,0,0,0,0,0,0,0,0
0,1,0,1,FALSE,TRUE,1,FALSE,TRUE,FALSE,0,0,0,0,0,0,0,0,0,0
0,1,0,1,FALSE,TRUE,1,FALSE,TRUE,FALSE,0,0,0,0,0,0,0,0,0,0
0,1,0,1,FALSE,TRUE,1,FALSE,TRUE,FALSE,0,0,0,0,0,0,0,0,0,0
0,1,0,1,FALSE,TRUE,1,FALSE,TRUE,FALSE,0,0,0,0,0,0,0,0,0,0
0,1,0,1,FALSE,TRUE,1,FALSE,TRUE,FALSE,0,0,0,0,0,0,0,0,0,0
0,1,0,1,FALSE,TRUE,1,FALSE,TRUE,FALSE,0,0,0,0,0,0,0,0,0,0
0,1,0,1,FALSE,TRUE,1,FALSE,TRUE,FALSE,0,0,0,0,0,0,0,0,0,0
0,1,0,1,FALSE,TRUE,1,FALSE,TRUE,FALSE,0,0,0,0,0,0,0,0,0,0
0,1,0,1,FALSE,TRUE,1,FALSE,TRUE,FALSE,0,0,0,0,0,0,0,0,0,0
0,1,0,1,FALSE,TRUE,1,FALSE,TRUE,FALSE,0,0,0,0,0,0,0,0,0,0
0,1,0,1,FALSE,TRUE,1,FALSE,TRUE,FALSE,0,0,0,0,0,0,0,0,0,0
0,1,0,1,FALSE,TRUE,1,FALSE,TRUE,FALSE,0,0,0,0,0,0,0,0,0,0
0,1,0,1,FALSE,TRUE,1,FALSE,TRUE,FALSE,0,0,0,0,0,0,0,0,0,0
0,1,0,1,FALSE,TRUE,1,FALSE,TRUE,FALSE,0,0,0,0,0,0,0,0,0,0
0,1,0,1,FALSE,TRUE,1,FALSE,TRUE,FALSE,0,0,0,0,0,0,0,0,0,0
0,1,0,1,FALSE,TRUE,1,FALSE,TRUE,FALSE,0,0,0,0,0,0,0,0,0,0
0,1,0,1,FALSE,TRUE,1,FALSE,TRUE,FALSE,0,0,0,0,0,0,0,0,0,0
0,1,0,1,FALSE,TRUE,1,FALSE,TRUE,FALSE,0,0,0,0,0,0,0,0,0,0
0,1,0,1,FALSE,TRUE,1,FALSE,TRUE,FALSE,0,0,0,0,0,0,0,0,0,0
0,1,0,1,FALSE,TRUE,1,FALSE,TRUE,FALSE,0,0,0,0,0,0,0,0,0,0
0,1,0,1,FALSE,TRUE,1,FALSE,TRUE,FALSE,0,0,0,0,0,0,0,0,0,0
0,1,0,1,FALSE,TRUE,1,FALSE,TRUE,FALSE,0,0,0,0,0,0,0,0,0,0
0,1,0,1,FALSE,TRUE,1,FALSE,TRUE,FALSE,0,0,0,0,0,0,0,0,0,0
0,1,0,1,FALSE,TRUE,1,FALSE,TRUE,FALSE,0,0,0,0,0,0,0,0,0,0
0,1,0,1,FALSE,TRUE,1,FALSE,TRUE,FALSE,0,0,0,0,0,0,0,0,0,0
0,1,0,1,FALSE,TRUE,1,FALSE,TRUE,FALSE,0,0,0,0,0,0,0,0,0,0
0,1,0,1,FALSE,TRUE,1,FALSE,TRUE,FALSE,0,0,0,0,0,0,0,0,0,0
0,1,0,1,FALSE,TRUE,1,FALSE,TRUE,FALSE,0,0,0,0,0,0,0,0,0,0
0,1,0,1,FALSE,TRUE,1,FALSE,TRUE,FALSE,0,0,0,0,0,0,0,0,0,0
0,1,0,1,FALSE,TRUE,1,FALSE,TRUE,FALSE,0,0,0,0,0,0,0,0,0,0
0,1,0,1,FALSE,TRUE,1,FALSE,TRUE,FALSE,0,0,0,0,0,0,0,0,0,0
0,1,0,1,FALSE,TRUE,1,FALSE,TRUE,FALSE,0,0,0,0,0,0,0,0,0,0
0,1,0,1,FALSE,TRUE,1,FALSE,TRUE,FALSE,0,0,0,0,0,0,0,0,0,0
0,1,0,1,FALSE,TRUE,1,FALSE,TRUE,FALSE,0,0,0,0,0,0,0,0,0,0
0,1,0,1,FALSE,TRUE,1,FALSE,TRUE,FALSE,0,0,0,0,0,0,0,0,0,0
0,1,0,1,FALSE,TRUE,1,FALSE,TRUE,FALSE,0,0,0,0,0,0,0,0,0,0
0,1,0,1,FALSE,TRUE,1,FALSE,TRUE,FALSE,0,0,0,0,0,0,0,0,0,0
0,1,0,1,FALSE,TRUE,1,FALSE,TRUE,FALSE,0,0,0,0,0,0,0,0,0,0
0,1,0,1,FALSE,TRUE,1,FALSE,TRUE,FALSE,0,0,0,0,0,0,0,0,0,0
0,1,0,1,FALSE,TRUE,1,FALSE,TRUE,FALSE,0,0,0,0,0,0,0,0,0,0
0,1,0,1,FALSE,TRUE,1,FALSE,TRUE,FALSE,0,0,0,0,0,0,0,0,0,0
0,1,0,1,FALSE,TRUE,1,FALSE,TRUE,FALSE,0,0,0,0,0,0,0,0,0,0
0,1,0,1,FALSE,TRUE,1,FALSE,TRUE,FALSE,0,0,0,0,0,0,0,0,0,0
0,1,0,1,FALSE,TRUE,1,FALSE,TRUE,FALSE,0,0,0,0,0,0,0,0,0,0
0,1,0,1,FALSE,TRUE,1,FALSE,TRUE,FALSE,0,0,0,0,0,0,0,0,0,0
0,1,0,1,FALSE,TRUE,1,FALSE,TRUE,FALSE,0,0,0,0,0,0,0,0,0,0
0,1,0,1,FALSE,TRUE,1,FALSE,TRUE,FALSE,0,0,0,0,0,0,0,0,0,0
0,1,0,1,FALSE,TRUE,1,FALSE,TRUE,FALSE,0,0,0,0,0,0,0,0,0,0
0,1,0,1,FALSE,TRUE,1,FALSE,TRUE,FALSE,0,0,0,0,0,0,0,0,0,0
0,1,0,1,FALSE,TRUE,1,FALSE,TRUE,FALSE,0,0,0,0,0,0,0,0,0,0
0,1,0,1,FALSE,TRUE,1,FALSE,TRUE,FALSE,0,0,0,0,0,0,0,0,0,0
0,1,0,1,FALSE,TRUE,1,FALSE,TRUE,FALSE,0,0,0,0,0,0,0,0,0,0
0,1,0,1,FALSE,TRUE,1,FALSE,TRUE,FALSE,0,0,0,0,0,0,0,0,0,0
0,1,0,1,FALSE,TRUE,1,FALSE,TRUE,FALSE,0,0,0,0,0,0,0,0,0,0
0,1,0,1,FALSE,TRUE,1,FALSE,TRUE,FALSE,0,0,0,0,0,0,0,0,0,0
0,1,0,1,FALSE,TRUE,1,FALSE,TRUE,FALSE,0,0,0,0,0,0,0,0,0,0
0,1,0,1,FALSE,TRUE,1,FALSE,TRUE,FALSE,0,0,0,0,0,0,0,0,0,0
0,1,0,1,FALSE,TRUE,1,FALSE,TRUE,FALSE,0,0,0,0,0,0,0,0,0,0
0,1,0,1,FALSE,TRUE,1,FALSE,TRUE,FALSE,0,0,0,0,0,0,0,0,0,0
0,1,0,1,FALSE,TRUE,1,FALSE,TRUE,FALSE,0,0,0,0,0,0,0,0,0,0
0,1,0,1,FALSE,TRUE,1,FALSE,TRUE,FALSE,0,0,0,0,0,0,0,0,0,0
0,1,0,1,FALSE,TRUE,1,FALSE,TRUE,FALSE,0,0,0,0,0,0,0,0,0,0
0,1,0,1,FALSE,TRUE,1,FALSE,TRUE,FALSE,0,0,0,0,0,0,0,0,0,0
0,1,0,1,FALSE,TRUE,1,FALSE,TRUE,FALSE,0,0,0,0,0,0,0,0,0,0
0,1,0,1,FALSE,TRUE,1,FALSE,TRUE,FALSE,0,0,0,0,0,0,0,0,0,0
0,1,0,1,FALSE,TRUE,1,FALSE,TRUE,FALSE,0,0,0,0,0,0,0,0,0,0
0,1,0,1,FALSE,TRUE,1,FALSE,TRUE,FALSE,0,0,0,0,0,0,0,0,0,0
0,1,0,1,FALSE,TRUE,1,FALSE,TRUE,FALSE,0,0,0,0,0,0,0,0,0,0
0,1,0,1,FALSE,TRUE,1,FALSE,TRUE,FALSE,0,0,0,0,0,0,0,0,0,0
0,1,0,1,FALSE,TRUE,1,FALSE,TRUE,FALSE,0,0,0,0,0,0,0,0,0,0
0,1,0,1,FALSE,TRUE,1,FALSE,TRUE,FALSE,0,0,0,0,0,0,0,0,0,0
0,1,0,1,FALSE,TRUE,1,FALSE,TRUE,FALSE,0,0,0,0,0,0,0,0,0,0
0,1,0,1,FALSE,TRUE,1,FALSE,TRUE,FALSE,0,0,0,0,0,0,0,0,0,0
0,1,0,1,FALSE,TRUE,1,FALSE,TRUE,FALSE,0,0,0,0,0,0,0,0,0,0
0,1,0,1,FALSE,TRUE,1,FALSE,TRUE,FALSE,0,0,0,0,0,0,0,0,0,0
0,1,0,1,FALSE,TRUE,1,FALSE,TRUE,FALSE,0,0,0,0,0,0,0,0,0,0
0,1,0,1,FALSE,TRUE,1,FALSE,TRUE,FALSE,0,0,0,0,0,0,0,0,0,0
0,1,0,1,FALSE,TRUE,1,FALSE,TRUE,FALSE,0,0,0,0,0,0,0,0,0,0
0,1,0,1,FALSE,TRUE,1,FALSE,TRUE,FALSE,0,0,0,0,0,0,0,0,0,0
0,1,0,1,FALSE,TRUE,1,FALSE,TRUE,FALSE,0,0,0,0,0,0,0,0,0,0
0,1,0,1,FALSE,TRUE,1,FALSE,TRUE,FALSE,0,0,0,0,0,0,0,0,0,0
0,1,0,1,FALSE,TRUE,1,FALSE,TRUE,FALSE,0,0,0,0,0,0,0,0,0,0
0,1,0,1,FALSE,TRUE,1,FALSE,TRUE,FALSE,0,0,0,0,0,0,0,0,0,0
0,1,0,1,FALSE,TRUE,1,FALSE,TRUE,FALSE,0,0,0,0,0,0,0,0,0,0
0,1,0,1,FALSE,TRUE,1,FALSE,TRUE,FALSE,0,0,0,0,0,0,0,0,0,0
0,1,0,1,FALSE,TRUE,1,FALSE,TRUE,FALSE,0,0,0,0,0,0,0,0,0,0
0,1,0,1,FALSE,TRUE,1,FALSE,TRUE,FALSE,0,0,0,0,0,0,0,0,0,0
0,1,0,1,FALSE,TRUE,1,FALSE,TRUE,FALSE,0,0,0,0,0,0,0,0,0,0
0,1,0,1,FALSE,TRUE,1,FALSE,TRUE,FALSE,0,0,0,0,0,0,0,0,0,0
0,1,0,1,FALSE,TRUE,1,FALSE,TRUE,FALSE,0,0,0,0,0,0,0,0,0,0
0,1,0,1,FALSE,TRUE,1,FALSE,TRUE,FALSE,0,0,0,0,0,0,0,0,0,0
0,1,0,1,FALSE,TRUE,1,FALSE,TRUE,FALSE,0,0,0,0,0,0,0,0,0,0
0,1,0,1,FALSE,TRUE,1,FALSE,TRUE,FALSE,0,0,0,0,0,0,0,0,0,0
0,1,0,1,FALSE,TRUE,1,FALSE,TRUE,FALSE,0,0,0,0,0,0,0,0,0,0
0,1,0,1,FALSE,TRUE,1,FALSE,TRUE,FALSE,0,0,0,0,0,0,0,0,0,0
0,1,0,1,FALSE,TRUE,1,FALSE,TRUE,FALSE,0,0,0,0,0,0,0,0,0,0
0,1,0,1,FALSE,TRUE,1,FALSE,TRUE,FALSE,0,0,0,0,0,0,0,0,0,0
0,1,0,1,FALSE,TRUE,1,FALSE,TRUE,FALSE,0,0,0,0,0,0,0,0,0,0
0,1,0,1,FALSE,TRUE,1,FALSE,TRUE,FALSE,0,0,0,0,0,0,0,0,0,0
0,1,0,1,FALSE,TRUE,1,FALSE,TRUE,FALSE,0,0,0,0,0,0,0,0,0,0
0,1,0,1,FALSE,TRUE,1,FALSE,TRUE,FALSE,0,0,0,0,0,0,0,0,0,0
0,1,0,1,FALSE,TRUE,1,FALSE,TRUE,FALSE,0,0,0,0,0,0,0,0,0,0
0,1,0,1,FALSE,TRUE,1,FALSE,TRUE,FALSE,0,0,0,0,0,0,0,0,0,0
0,1,0,1,FALSE,TRUE,1,FALSE,TRUE,FALSE,0,0,0,0,0,0,0,0,0,0
0,1,0,1,FALSE,TRUE,1,FALSE,TRUE,FALSE,0,0,0,0,0,0,0,0,0,0
0,1,0,1,FALSE,TRUE,1,FALSE,TRUE,FALSE,0,0,0,0,0,0,0,0,0,0
0,1,0,1,FALSE,TRUE,1,FALSE,TRUE,FALSE,0,0,0,0,0,0,0,0,0,0
0,1,0,1,FALSE,TRUE,1,FALSE,TRUE,FALSE,0,0,0,0,0,0,0,0,0,0
0,1,0,1,FALSE,TRUE,1,FALSE,TRUE,FALSE,0,0,0,0,0,0,0,0,0,0
0,1,0,1,FALSE,TRUE,1,FALSE,TRUE,FALSE,0,0,0,0,0,0,0,0,0,0
0,1,0,1,FALSE,TRUE,1,FALSE,TRUE,FALSE,0,0,0,0,0,0,0,0,0,0
0,1,0,1,FALSE,TRUE,1,FALSE,TRUE,FALSE,0,0,0,0,0,0,0,0,0,0
0,1,0,1,FALSE,TRUE,1,FALSE,TRUE,FALSE,0,0,0,0,0,0,0,0,0,0
0,1,0,1,FALSE,TRUE,1,FALSE,TRUE,FALSE,0,0,0,0,0,0,0,0,0,0
0,1,0,1,FALSE,TRUE,1,FALSE,TRUE,FALSE,0,0,0,0,0,0,0,0,0,0
0,1,0,1,FALSE,TRUE,1,FALSE,TRUE,FALSE,0,0,0,0,0,0,0,0,0,0
0,1,0,1,FALSE,TRUE,1,FALSE,TRUE,FALSE,0,0,0,0,0,0,0,0,0,0
0,1,0,1,FALSE,TRUE,1,FALSE,TRUE,FALSE,0,0,0,0,0,0,0,0,0,0
0,1,0,1,FALSE,TRUE,1,FALSE,TRUE,FALSE,0,0,0,0,0,0,0,0,0,0
0,1,0,1,FALSE,TRUE,1,FALSE,TRUE,FALSE,0,0,0,0,0,0,0,0,0,0
0,1,0,1,FALSE,TRUE,1,FALSE,TRUE,FALSE,0,0,0,0,0,0,0,0,0,0
0,1,0,1,FALSE,TRUE,1,FALSE,TRUE,FALSE,0,0,0,0,0,0,0,0,0,0
0,1,0,1,FALSE,TRUE,1,FALSE,TRUE,FALSE,0,0,0,0,0,0,0,0,0,0
0,1,0,1,FALSE,TRUE,1,FALSE,TRUE,FALSE,0,0,0,0,0,0,0,0,0,0
0,1,0,1,FALSE,TRUE,1,FALSE,TRUE,FALSE,0,0,0,0,0,0,0,0,0,0
0,1,0,1,FALSE,TRUE,1,FALSE,TRUE,FALSE,0,0,0,0,0,0,0,0,0,0
0,1,0,1,FALSE,TRUE,1,FALSE,TRUE,FALSE,0,0,0,0,0,0,0,0,0,0
0,1,0,1,FALSE,TRUE,1,FALSE,TRUE,FALSE,0,0,0,0,0,0,0,0,0,0
0,1,0,1,FALSE,TRUE,1,FALSE,TRUE,FALSE,0,0,0,0,0,0,0,0,0,0
0,1,0,1,FALSE,TRUE,1,FALSE,TRUE,FALSE,0,0,0,0,0,0,0,0,0,0
0,1,0,1,FALSE,TRUE,1,FALSE,TRUE,FALSE,0,0,0,0,0,0,0,0,0,0
0,1,0,1,FALSE,TRUE,1,FALSE,TRUE,FALSE,0,0,0,0,0,0,0,0,0,0
0,1,0,1,FALSE,TRUE,1,FALSE,TRUE,FALSE,0,0,0,0,0,0,0,0,0,0
0,1,0,1,FALSE,TRUE,1,FALSE,TRUE,FALSE,0,0,0,0,0,0,0,0,0,0
0,1,0,1,FALSE,TRUE,1,FALSE,TRUE,FALSE,0,0,0,0,0,0,0,0,0,0
0,1,0,1,FALSE,TRUE,1,FALSE,TRUE,FALSE,0,0,0,0,0,0,0,0,0,0
0,1,0,1,FALSE,TRUE,1,FALSE,TRUE,FALSE,0,0,0,0,0,0,0,0,0,0
0,1,0,1,FALSE,TRUE,1,FALSE,TRUE,FALSE,0,0,0,0,0,0,0,0,0,0
0,1,0,1,FALSE,TRUE,1,FALSE,TRUE,FALSE,0,0,0,0,0,0,0,0,0,0
0,1,0,1,FALSE,TRUE,1,FALSE,TRUE,FALSE,0,0,0,0,0,0,0,0,0,0
0,1,0,1,FALSE,TRUE,1,FALSE,TRUE,FALSE,0,0,0,0,0,0,0,0,0,0
0,1,0,1,FALSE,TRUE,1,FALSE,TRUE,FALSE,0,0,0,0,0,0,0,0,0,0
0,1,0,1,FALSE,TRUE,1,FALSE,TRUE,FALSE,0,0,0,0,0,0,0,0,0,0
0,1,0,1,FALSE,TRUE,1,FALSE,TRUE,FALSE,0,0,0,0,0,0,0,0,0,0
0,1,0,1,FALSE,TRUE,1,FALSE,TRUE,FALSE,0,0,0,0,0,0,0,0,0,0
0,1,0,1,FALSE,TRUE,1,FALSE,TRUE,FALSE,0,0,0,0,0,0,0,0,0,0
0,1,0,1,FALSE,TRUE,1,FALSE,TRUE,FALSE,0,0,0,0,0,0,0,0,0,0
0,1,0,1,FALSE,TRUE,1,FALSE,TRUE,FALSE,0,0,0,0,0,0,0,0,0,0
0,1,0,1,FALSE,TRUE,1,FALSE,TRUE,FALSE,0,0,0,0,0,0,0,0,0,0
0,1,0,1,FALSE,TRUE,1,FALSE,TRUE,FALSE,0,0,0,0,0,0,0,0,0,0
0,1,0,1,FALSE,TRUE,1,FALSE,TRUE,FALSE,0,0,0,0,0,0,0,0,0,0
0,1,0,1,FALSE,TRUE,1,FALSE,TRUE,FALSE,0,0,0,0,0,0,0,0,0,0
0,1,0,1,FALSE,TRUE,1,FALSE,TRUE,FALSE,0,0,0,0,0,0,0,0,0,0
0,1,0,1,FALSE,TRUE,1,FALSE,TRUE,FALSE,0,0,0,0,0,0,0,0,0,0
0,1,0,1,FALSE,TRUE,1,FALSE,TRUE,FALSE,0,0,0,0,0,0,0,0,0,0
0,1,0,1,FALSE,TRUE,1,FALSE,TRUE,FALSE,0,0,0,0,0,0,0,0,0,0
0,1,0,1,FALSE,TRUE,1,FALSE,TRUE,FALSE,0,0,0,0,0,0,0,0,0,0
0,1,0,1,FALSE,TRUE,1,FALSE,TRUE,FALSE,0,0,0,0,0,0,0,0,0,0
0,1,0,1,FALSE,TRUE,1,FALSE,TRUE,FALSE,0,0,0,0,0,0,0,0,0,0
0,1,0,1,FALSE,TRUE,1,FALSE,TRUE,FALSE,0,0,0,0,0,0,0,0,0,0
0,1,0,1,FALSE,TRUE,1,FALSE,TRUE,FALSE,0,0,0,0,0,0,0,0,0,0
0,1,0,1,FALSE,TRUE,1,FALSE,TRUE,FALSE,0,0,0,0,0,0,0,0,0,0
0,1,0,1,FALSE,TRUE,1,FALSE,TRUE,FALSE,0,0,0,0,0,0,0,0,0,0
0,1,0,1,FALSE,TRUE,1,FALSE,TRUE,FALSE,0,0,0,0,0,0,0,0,0,0
0,1,0,1,FALSE,TRUE,1,FALSE,TRUE,FALSE,0,0,0,0,0,0,0,0,0,0
0,1,0,1,FALSE,TRUE,1,FALSE,TRUE,FALSE,0,0,0,0,0,0,0,0,0,0
0,1,0,1,FALSE,TRUE,1,FALSE,TRUE,FALSE,0,0,0,0,0,0,0,0,0,0
0,1,0,1,FALSE,TRUE,1,FALSE,TRUE,FALSE,0,0,0,0,0,0,0,0,0,0
0,1,0,1,FALSE,TRUE,1,FALSE,TRUE,FALSE,0,0,0,0,0,0,0,0,0,0
0,1,0,1,FALSE,TRUE,1,FALSE,TRUE,FALSE,0,0,0,0,0,0,0,0,0,0
0,1,0,1,FALSE,TRUE,1,FALSE,TRUE,FALSE,0,0,0,0,0,0,0,0,0,0
0,1,0,1,FALSE,TRUE,1,FALSE,TRUE,FALSE,0,0,0,0,0,0,0,0,0,0
0,1,0,1,FALSE,TRUE,1,FALSE,TRUE,FALSE,0,0,0,0,0,0,0,0,0,0
0,1,0,1,FALSE,TRUE,1,FALSE,TRUE,FALSE,0,0,0,0,0,0,0,0,0,0
0,1,0,1,FALSE,TRUE,1,FALSE,TRUE,FALSE,0,0,0,0,0,0,0,0,0,0
0,1,0,1,FALSE,TRUE,1,FALSE,TRUE,FALSE,0,0,0,0,0,0,0,0,0,0
0,1,0,1,FALSE,TRUE,1,FALSE,TRUE,FALSE,0,0,0,0,0,0,0,0,0,0
0,1,0,1,FALSE,TRUE,1,FALSE,TRUE,FALSE,0,0,0,0,0,0,0,0,0,0
0,1,0,1,FALSE,TRUE,1,FALSE,TRUE,FALSE,0,0,0,0,0,0,0,0,0,0
0,1,0,1,FALSE,TRUE,1,FALSE,TRUE,FALSE,0,0,0,0,0,0,0,0,0,0
0,1,0,1,FALSE,TRUE,1,FALSE,TRUE,FALSE,0,0,0,0,0,0,0,0,0,0
0,1,0,1,FALSE,TRUE,1,FALSE,TRUE,FALSE,0,0,0,0,0,0,0,0,0,0
0,1,0,1,FALSE,TRUE,1,FALSE,TRUE,FALSE,0,0,0,0,0,0,0,0,0,0
0,1,0,1,FALSE,TRUE,1,FALSE,TRUE,FALSE,0,0,0,0,0,0,0,0,0,0
0,1,0,1,FALSE,TRUE,1,FALSE,TRUE,FALSE,0,0,0,0,0,0,0,0,0,0
0,1,0,1,FALSE,TRUE,1,FALSE,TRUE,FALSE,0,0,0,0,0,0,0,0,0,0
0,1,0,1,FALSE,TRUE,1,FALSE,TRUE,FALSE,0,0,0,0,0,0,0,0,0,0
0,1,0,1,FALSE,TRUE,1,FALSE,TRUE,FALSE,0,0,0,0,0,0,0,0,0,0
0,1,0,1,FALSE,TRUE,1,FALSE,TRUE,FALSE,0,0,0,0,0,0,0,0,0,0
0,1,0,1,FALSE,TRUE,1,FALSE,TRUE,FALSE,0,0,0,0,0,0,0,0,0,0
0,1,0,1,FALSE,TRUE,1,FALSE,TRUE,FALSE,0,0,0,0,0,0,0,0,0,0
0,1,0,1,FALSE,TRUE,1,FALSE,TRUE,FALSE,0,0,0,0,0,0,0,0,0,0
0,1,0,1,FALSE,TRUE,1,FALSE,TRUE,FALSE,0,0,0,0,0,0,0,0,0,0
0,1,0,1,FALSE,TRUE,1,FALSE,TRUE,FALSE,0,0,0,0,0,0,0,0,0,0
0,1,0,1,FALSE,TRUE,1,FALSE,TRUE,FALSE,0,0,0,0,0,0,0,0,0,0
0,1,0,1,FALSE,TRUE,1,FALSE,TRUE,FALSE,0,0,0,0,0,0,0,0,0,0
0,1,0,1,FALSE,TRUE,1,FALSE,TRUE,FALSE,0,0,0,0,0,0,0,0,0,0
0,1,0,1,FALSE,TRUE,1,FALSE,TRUE,FALSE,0,0,0,0,0,0,0,0,0,0
0,1,0,1,FALSE,TRUE,1,FALSE,TRUE,FALSE,0,0,0,0,0,0,0,0,0,0
0,1,0,1,FALSE,TRUE,1,FALSE,TRUE,FALSE,0,0,0,0,0,0,0,0,0,0
0,1,0,1,FALSE,TRUE,1,FALSE,TRUE,FALSE,0,0,0,0,0,0,0,0,0,0
0,1,0,1,FALSE,TRUE,1,FALSE,TRUE,FALSE,0,0,0,0,0,0,0,0,0,0
0,1,0,1,FALSE,TRUE,1,FALSE,TRUE,FALSE,0,0,0,0,0,0,0,0,0,0
0,1,0,1,FALSE,TRUE,1,FALSE,TRUE,FALSE,0,0,0,0,0,0,0,0,0,0
0,1,0,1,FALSE,TRUE,1,FALSE,TRUE,FALSE,0,0,0,0,0,0,0,0,0,0
0,1,0,1,FALSE,TRUE,1,FALSE,TRUE,FALSE,0,0,0,0,0,0,0,0,0,0
0,1,0,1,FALSE,TRUE,1,FALSE,TRUE,FALSE,0,0,0,0,0,0,0,0,0,0
0,1,0,1,FALSE,TRUE,1,FALSE,TRUE,FALSE,0,0,0,0,0,0,0,0,0,0
0,1,0,1,FALSE,TRUE,1,FALSE,TRUE,FALSE,0,0,0,0,0,0,0,0,0,0
0,1,0,1,FALSE,TRUE,1,FALSE,TRUE,FALSE,0,0,0,0,0,0,0,0,0,0
0,1,0,1,FALSE,TRUE,1,FALSE,TRUE,FALSE,0,0,0,0,0,0,0,0,0,0
0,1,0,1,FALSE,TRUE,1,FALSE,TRUE,FALSE,0,0,0,0,0,0,0,0,0,0
0,1,0,1,FALSE,TRUE,1,FALSE,TRUE,FALSE,0,0,0,0,0,0,0,0,0,0
0,1,0,1,FALSE,TRUE,1,FALSE,TRUE,FALSE,0,0,0,0,0,0,0,0,0,0
0,1,0,1,FALSE,TRUE,1,FALSE,TRUE,FALSE,0,0,0,0,0,0,0,0,0,0
0,1,0,1,FALSE,TRUE,1,FALSE,TRUE,FALSE,0,0,0,0,0,0,0,0,0,0
0,1,0,1,FALSE,TRUE,1,FALSE,TRUE,FALSE,0,0,0,0,0,0,0,0,0,0
0,1,0,1,FALSE,TRUE,1,FALSE,TRUE,FALSE,0,0,0,0,0,0,0,0,0,0
0,1,0,1,FALSE,TRUE,1,FALSE,TRUE,FALSE,0,0,0,0,0,0,0,0,0,0
0,1,0,1,FALSE,TRUE,1,FALSE,TRUE,FALSE,0,0,0,0,0,0,0,0,0,0
0,1,0,1,FALSE,TRUE,1,FALSE,TRUE,FALSE,0,0,0,0,0,0,0,0,0,0
0,1,0,1,FALSE,TRUE,1,FALSE,TRUE,FALSE,0,0,0,0,0,0,0,0,0,0
0,1,0,1,FALSE,TRUE,1,FALSE,TRUE,FALSE,0,0,0,0,0,0,0,0,0,0
0,1,0,1,FALSE,TRUE,1,FALSE,TRUE,FALSE,0,0,0,0,0,0,0,0,0,0
0,1,0,1,FALSE,TRUE,1,FALSE,TRUE,FALSE,0,0,0,0,0,0,0,0,0,0
0,1,0,1,FALSE,TRUE,1,FALSE,TRUE,FALSE,0,0,0,0,0,0,0,0,0,0
0,1,0,1,FALSE,TRUE,1,FALSE,TRUE,FALSE,0,0,0,0,0,0,0,0,0,0
0,1,0,1,FALSE,TRUE,1,FALSE,TRUE,FALSE,0,0,0,0,0,0,0,0,0,0
0,1,0,1,FALSE,TRUE,1,FALSE,TRUE,FALSE,0,0,0,0,0,0,0,0,0,0
0,1,0,1,FALSE,TRUE,1,FALSE,TRUE,FALSE,0,0,0,0,0,0,0,0,0,0
0,1,0,1,FALSE,TRUE,1,FALSE,TRUE,FALSE,0,0,0,0,0,0,0,0,0,0
0,1,0,1,FALSE,TRUE,1,FALSE,TRUE,FALSE,0,0,0,0,0,0,0,0,0,0
0,1,0,1,FALSE,TRUE,1,FALSE,TRUE,FALSE,0,0,0,0,0,0,0,0,0,0
0,1,0,1,FALSE,TRUE,1,FALSE,TRUE,FALSE,0,0,0,0,0,0,0,0,0,0
0,1,0,1,FALSE,TRUE,1,FALSE,TRUE,FALSE,0,0,0,0,0,0,0,0,0,0
0,1,0,1,FALSE,TRUE,1,FALSE,TRUE,FALSE,0,0,0,0,0,0,0,0,0,0
0,1,0,1,FALSE,TRUE,1,FALSE,TRUE,FALSE,0,0,0,0,0,0,0,0,0,0
0,1,0,1,FALSE,TRUE,1,FALSE,TRUE,FALSE,0,0,0,0,0,0,0,0,0,0
0,1,0,1,FALSE,TRUE,1,FALSE,TRUE,FALSE,0,0,0,0,0,0,0,0,0,0
0,1,0,1,FALSE,TRUE,1,FALSE,TRUE,FALSE,0,0,0,0,0,0,0,0,0,0
0,1,0,1,FALSE,TRUE,1,FALSE,TRUE,FALSE,0,0,0,0,0,0,0,0,0,0
0,1,0,1,FALSE,TRUE,1,FALSE,TRUE,FALSE,0,0,0,0,0,0,0,0,0,0
0,1,0,1,FALSE,TRUE,1,FALSE,TRUE,FALSE,0,0,0,0,0,0,0,0,0,0
0,1,0,1,FALSE,TRUE,1,FALSE,TRUE,FALSE,0,0,0,0,0,0,0,0,0,0
0,1,0,1,FALSE,TRUE,1,FALSE,TRUE,FALSE,0,0,0,0,0,0,0,0,0,0
0,1,0,1,FALSE,TRUE,1,FALSE,TRUE,FALSE,0,0,0,0,0,0,0,0,0,0
0,1,0,1,FALSE,TRUE,1,FALSE,TRUE,FALSE,0,0,0,0,0,0,0,0,0,0
0,1,0,1,FALSE,TRUE,1,FALSE,TRUE,FALSE,0,0,0,0,0,0,0,0,0,0
0,1,0,1,FALSE,TRUE,1,FALSE,TRUE,FALSE,0,0,0,0,0,0,0,0,0,0
0,1,0,1,FALSE,TRUE,1,FALSE,TRUE,FALSE,0,0,0,0,0,0,0,0,0,0
0,1,0,1,FALSE,TRUE,1,FALSE,TRUE,FALSE,0,0,0,0,0,0,0,0,0,0
0,1,0,1,FALSE,TRUE,1,FALSE,TRUE,FALSE,0,0,0,0,0,0,0,0,0,0
0,1,0,1,FALSE,TRUE,1,FALSE,TRUE,FALSE,0,0,0,0,0,0,0,0,0,0
0,1,0,1,FALSE,TRUE,1,FALSE,TRUE,FALSE,0,0,0,0,0,0,0,0,0,0
0,1,0,1,FALSE,TRUE,1,FALSE,TRUE,FALSE,0,0,0,0,0,0,0,0,0,0
0,1,0,1,FALSE,TRUE,1,FALSE,TRUE,FALSE,0,0,0,0,0,0,0,0,0,0
0,1,0,1,FALSE,TRUE,1,FALSE,TRUE,FALSE,0,0,0,0,0,0,0,0,0,0
0,1,0,1,FALSE,TRUE,1,FALSE,TRUE,FALSE,0,0,0,0,0,0,0,0,0,0
0,1,0,1,FALSE,TRUE,1,FALSE,TRUE,FALSE,0,0,0,0,0,0,0,0,0,0
0,1,0,1,FALSE,TRUE,1,FALSE,TRUE,FALSE,0,0,0,0,0,0,0,0,0,0
0,1,0,1,FALSE,TRUE,1,FALSE,TRUE,FALSE,0,0,0,0,0,0,0,0,0,0
0,1,0,1,FALSE,TRUE,1,FALSE,TRUE,FALSE,0,0,0,0,0,0,0,0,0,0
0,1,0,1,FALSE,TRUE,1,FALSE,TRUE,FALSE,0,0,0,0,0,0,0,0,0,0
0,1,0,1,FALSE,TRUE,1,FALSE,TRUE,FALSE,0,0,0,0,0,0,0,0,0,0
0,1,0,1,FALSE,TRUE,1,FALSE,TRUE,FALSE,0,0,0,0,0,0,0,0,0,0
0,1,0,1,FALSE,TRUE,1,FALSE,TRUE,FALSE,0,0,0,0,0,0,0,0,0,0
0,1,0,1,FALSE,TRUE,1,FALSE,TRUE,FALSE,0,0,0,0,0,0,0,0,0,0
0,1,0,1,FALSE,TRUE,1,FALSE,TRUE,FALSE,0,0,0,0,0,0,0,0,0,0
0,1,0,1,FALSE,TRUE,1,FALSE,TRUE,FALSE,0,0,0,0,0,0,0,0,0,0
0,1,0,1,FALSE,TRUE,1,FALSE,TRUE,FALSE,0,0,0,0,0,0,0,0,0,0
0,1,0,1,FALSE,TRUE,1,FALSE,TRUE,FALSE,0,0,0,0,0,0,0,0,0,0
0,1,0,1,FALSE,TRUE,1,FALSE,TRUE,FALSE,0,0,0,0,0,0,0,0,0,0
0,1,0,1,FALSE,TRUE,1,FALSE,TRUE,FALSE,0,0,0,0,0,0,0,0,0,0
0,1,0,1,FALSE,TRUE,1,FALSE,TRUE,FALSE,0,0,0,0,0,0,0,0,0,0
0,1,0,1,FALSE,TRUE,1,FALSE,TRUE,FALSE,0,0,0,0,0,0,0,0,0,0
0,1,0,1,FALSE,TRUE,1,FALSE,TRUE,FALSE,0,0,0,0,0,0,0,0,0,0
0,1,0,1,FALSE,TRUE,1,FALSE,TRUE,FALSE,0,0,0,0,0,0,0,0,0,0
0,1,0,1,FALSE,TRUE,1,FALSE,TRUE,FALSE,0,0,0,0,0,0,0,0,0,0
0,1,0,1,FALSE,TRUE,1,FALSE,TRUE,FALSE,0,0,0,0,0,0,0,0,0,0
0,1,0,1,FALSE,TRUE,1,FALSE,TRUE,FALSE,0,0,0,0,0,0,0,0,0,0
0,1,0,1,FALSE,TRUE,1,FALSE,TRUE,FALSE,0,0,0,0,0,0,0,0,0,0
0,1,0,1,FALSE,TRUE,1,FALSE,TRUE,FALSE,0,0,0,0,0,0,0,0,0,0
0,1,0,1,FALSE,TRUE,1,FALSE,TRUE,FALSE,0,0,0,0,0,0,0,0,0,0
0,1,0,1,FALSE,TRUE,1,FALSE,TRUE,FALSE,0,0,0,0,0,0,0,0,0,0
0,1,0,1,FALSE,TRUE,1,FALSE,TRUE,FALSE,0,0,0,0,0,0,0,0,0,0
0,1,0,1,FALSE,TRUE,1,FALSE,TRUE,FALSE,0,0,0,0,0,0,0,0,0,0
0,1,0,1,FALSE,TRUE,1,FALSE,TRUE,FALSE,0,0,0,0,0,0,0,0,0,0
0,1,0,1,FALSE,TRUE,1,FALSE,TRUE,FALSE,0,0,0,0,0,0,0,0,0,0
0,1,0,1,FALSE,TRUE,1,FALSE,TRUE,FALSE,0,0,0,0,0,0,0,0,0,0
0,1,0,1,FALSE,TRUE,1,FALSE,TRUE,FALSE,0,0,0,0,0,0,0,0,0,0
0,1,0,1,FALSE,TRUE,1,FALSE,TRUE,FALSE,0,0,0,0,0,0,0,0,0,0
0,1,0,1,FALSE,TRUE,1,FALSE,TRUE,FALSE,0,0,0,0,0,0,0,0,0,0
0,1,0,1,FALSE,TRUE,1,FALSE,TRUE,FALSE,0,0,0,0,0,0,0,0,0,0
0,1,0,1,FALSE,TRUE,1,FALSE,TRUE,FALSE,0,0,0,0,0,0,0,0,0,0
0,1,0,1,FALSE,TRUE,1,FALSE,TRUE,FALSE,0,0,0,0,0,0,0,0,0,0
0,1,0,1,FALSE,TRUE,1,FALSE,TRUE,FALSE,0,0,0,0,0,0,0,0,0,0
0,1,0,1,FALSE,TRUE,1,FALSE,TRUE,FALSE,0,0,0,0,0,0,0,0,0,0
0,1,0,1,FALSE,TRUE,1,FALSE,TRUE,FALSE,0,0,0,0,0,0,0,0,0,0
0,1,0,1,FALSE,TRUE,1,FALSE,TRUE,FALSE,0,0,0,0,0,0,0,0,0,0
0,1,0,1,FALSE,TRUE,1,FALSE,TRUE,FALSE,0,0,0,0,0,0,0,0,0,0
0,1,0,1,FALSE,TRUE,1,FALSE,TRUE,FALSE,0,0,0,0,0,0,0,0,0,0
0,1,0,1,FALSE,TRUE,1,FALSE,TRUE,FALSE,0,0,0,0,0,0,0,0,0,0
0,1,0,1,FALSE,TRUE,1,FALSE,TRUE,FALSE,0,0,0,0,0,0,0,0,0,0
0,1,0,1,FALSE,TRUE,1,FALSE,TRUE,FALSE,0,0,0,0,0,0,0,0,0,0
0,1,0,1,FALSE,TRUE,1,FALSE,TRUE,FALSE,0,0,0,0,0,0,0,0,0,0
0,1,0,1,FALSE,TRUE,1,FALSE,TRUE,FALSE,0,0,0,0,0,0,0,0,0,0
0,1,0,1,FALSE,TRUE,1,FALSE,TRUE,FALSE,0,0,0,0,0,0,0,0,0,0
0,1,0,1,FALSE,TRUE,1,FALSE,TRUE,FALSE,0,0,0,0,0,0,0,0,0,0
0,1,0,1,FALSE,TRUE,1,FALSE,TRUE,FALSE,0,0,0,0,0,0,0,0,0,0
0,1,0,1,FALSE,TRUE,1,FALSE,TRUE,FALSE,0,0,0,0,0,0,0,0,0,0
0,1,0,1,FALSE,TRUE,1,FALSE,TRUE,FALSE,0,0,0,0,0,0,0,0,0,0
0,1,0,1,FALSE,TRUE,1,FALSE,TRUE,FALSE,0,0,0,0,0,0,0,0,0,0
0,1,0,1,FALSE,TRUE,1,FALSE,TRUE,FALSE,0,0,0,0,0,0,0,0,0,0
0,1,0,1,FALSE,TRUE,1,FALSE,TRUE,FALSE,0,0,0,0,0,0,0,0,0,0
0,1,0,1,FALSE,TRUE,1,FALSE,TRUE,FALSE,0,0,0,0,0,0,0,0,0,0
0,1,0,1,FALSE,TRUE,1,FALSE,TRUE,FALSE,0,0,0,0,0,0,0,0,0,0
0,1,0,1,FALSE,TRUE,1,FALSE,TRUE,FALSE,0,0,0,0,0,0,0,0,0,0
0,1,0,1,FALSE,TRUE,1,FALSE,TRUE,FALSE,0,0,0,0,0,0,0,0,0,0
0,1,0,1,FALSE,TRUE,1,FALSE,TRUE,FALSE,0,0,0,0,0,0,0,0,0,0
0,1,0,1,FALSE,TRUE,1,FALSE,TRUE,FALSE,0,0,0,0,0,0,0,0,0,0
0,1,0,1,FALSE,TRUE,1,FALSE,TRUE,FALSE,0,0,0,0,0,0,0,0,0,0
0,1,0,1,FALSE,TRUE,1,FALSE,TRUE,FALSE,0,0,0,0,0,0,0,0,0,0
0,1,0,1,FALSE,TRUE,1,FALSE,TRUE,FALSE,0,0,0,0,0,0,0,0,0,0
0,1,0,1,FALSE,TRUE,1,FALSE,TRUE,FALSE,0,0,0,0,0,0,0,0,0,0
0,1,0,1,FALSE,TRUE,1,FALSE,TRUE,FALSE,0,0,0,0,0,0,0,0,0,0
0,1,0,1,FALSE,TRUE,1,FALSE,TRUE,FALSE,0,0,0,0,0,0,0,0,0,0
0,1,0,1,FALSE,TRUE,1,FALSE,TRUE,FALSE,0,0,0,0,0,0,0,0,0,0
0,1,0,1,FALSE,TRUE,1,FALSE,TRUE,FALSE,0,0,0,0,0,0,0,0,0,0
0,1,0,1,FALSE,TRUE,1,FALSE,TRUE,FALSE,0,0,0,0,0,0,0,0,0,0
0,1,0,1,FALSE,TRUE,1,FALSE,TRUE,FALSE,0,0,0,0,0,0,0,0,0,0
0,1,0,1,FALSE,TRUE,1,FALSE,TRUE,FALSE,0,0,0,0,0,0,0,0,0,0
0,1,0,1,FALSE,TRUE,1,FALSE,TRUE,FALSE,0,0,0,0,0,0,0,0,0,0
0,1,0,1,FALSE,TRUE,1,FALSE,TRUE,FALSE,0,0,0,0,0,0,0,0,0,0
0,1,0,1,FALSE,TRUE,1,FALSE,TRUE,FALSE,0,0,0,0,0,0,0,0,0,0
0,1,0,1,FALSE,TRUE,1,FALSE,TRUE,FALSE,0,0,0,0,0,0,0,0,0,0
0,1,0,1,FALSE,TRUE,1,FALSE,TRUE,FALSE,0,0,0,0,0,0,0,0,0,0
0,1,0,1,FALSE,TRUE,1,FALSE,TRUE,FALSE,0,0,0,0,0,0,0,0,0,0
0,1,0,1,FALSE,TRUE,1,FALSE,TRUE,FALSE,0,0,0,0,0,0,0,0,0,0
0,1,0,1,FALSE,TRUE,1,FALSE,TRUE,FALSE,0,0,0,0,0,0,0,0,0,0
0,1,0,1,FALSE,TRUE,1,FALSE,TRUE,FALSE,0,0,0,0,0,0,0,0,0,0
0,1,0,1,FALSE,TRUE,1,FALSE,TRUE,FALSE,0,0,0,0,0,0,0,0,0,0
